{"id":2358224873,"status":2,"title":"Главная","order":50,"templateKey":null,"customTemplate":false,"customTemplateFilename":null,"pageLinks":[],"dateCreated":"2022-01-20T22:08:44.187Z","dateUpdated":"2022-01-20T22:08:44.189Z","folderId":null,"pageName":"Главная_2358224873","customColors":[{"color":"#131313","status":0,"transparency":0.95,"index":0},{"color":"#272727","status":0,"transparency":0.96,"index":1},{"color":"#181414","status":0,"transparency":0.7,"index":2},{"color":"#f5f7fa","status":0,"transparency":0.83,"index":3},{"color":"#3deb19","status":0,"transparency":1,"index":4},{"color":"#f2f2f2","status":0,"transparency":0.26,"index":5}]}